SA_UUID,Interval Timestamp
"1b89cc8c-d790-44a3-bc47-02a6390b88aa","2022-01-18T19:36:09.091Z"
"7a218427-b6ca-48c7-869e-12077362439e","2022-01-18T19:36:12.253Z"
"b9721053-dfd6-4150-87a8-51eea78f0055","2022-01-18T19:36:12.285Z"
"ad5e676b-9a35-4277-a16f-99565436de33","2022-01-18T19:36:12.286Z"
"6d08bce7-51db-4964-927a-f1e418ada298","2022-01-18T19:36:12.286Z"
"7ae2d152-6c5b-4604-a82a-8f36029573ec","2022-01-18T19:36:12.302Z"
"f21fd9e7-dc80-4478-9cce-11bcfd805089","2022-01-18T19:36:12.303Z"
"694fd91f-26ae-4175-b354-4f7965a4d808","2022-01-18T19:36:12.317Z"
"6347438f-341d-4159-8fbc-9ca5f8f1dd11","2022-01-18T19:36:12.318Z"
"3fae5b14-04af-4547-88ac-21705e0d117c","2022-01-18T19:36:12.332Z"
"bb90c4e0-367d-4823-83e9-6b74bdf69cb1","2022-01-18T19:36:12.332Z"
"1554e963-a3db-4fdc-8a1f-71f3513cee73","2022-01-18T19:36:12.348Z"
"c85dbcf2-3389-4874-9e2b-a341bf6350ea","2022-01-18T19:36:12.348Z"
"e142e2ad-832f-494e-afc0-a292bf6d8e83","2022-01-18T19:36:12.363Z"
"f07d0535-54cc-489e-be82-7bf98e890bdc","2022-01-18T19:36:12.363Z"
"d311d089-22e1-4d17-be46-6bd0822ccb9a","2022-01-18T19:36:12.378Z"
"e8514853-57bf-4c9d-9d9d-a89011e1d89d","2022-01-18T19:36:12.379Z"
"19da8a01-7b52-463b-834c-425fc8609c48","2022-01-18T19:36:12.394Z"
"4fe3ddc5-067f-436b-a831-d741b7ec3a85","2022-01-18T19:36:12.395Z"
"2db510d8-426d-4fcf-a78c-f4ec18e1b49c","2022-01-18T19:36:12.410Z"
"32a33b86-c68f-4bd3-a3ab-b580209b3b43","2022-01-18T19:36:12.410Z"
"3d828292-f707-4dbc-8052-1d908700c7b5","2022-01-18T19:36:12.425Z"
"11afb7c6-2fc4-470c-9070-455580bbac21","2022-01-18T19:36:12.426Z"
"a97c6a1a-88f9-40c4-893e-da7e2212dc79","2022-01-18T19:36:12.441Z"
"280b064b-43f5-4bd5-aa8c-16c71764402c","2022-01-18T19:36:12.441Z"
"2d107cd6-b964-4b6c-b0dc-1d28146c9621","2022-01-18T19:36:12.456Z"
"6a09b05b-17a3-4940-8348-12d21da56413","2022-01-18T19:36:12.456Z"
"a5097de2-a29e-4aa8-b521-8d5e5aae0a76","2022-01-18T19:36:12.474Z"
"e7575f4a-a293-4212-afb1-6f5770d7363f","2022-01-18T19:36:12.474Z"
"3f8e8fc0-db71-4be5-9c54-39405aef860d","2022-01-18T19:36:12.489Z"
"d5fc49cc-7f21-47ff-b5e5-570c2c300e7e","2022-01-18T19:36:12.490Z"
"44eda3ee-944e-4f91-bc77-1c734fbf6b28","2022-01-18T19:36:12.504Z"
"eab176ce-3067-4b5b-8d2b-339e54abd9a8","2022-01-18T19:36:12.504Z"
"0902ac44-6e55-41e6-8eaa-47b488c56f1a","2022-01-18T19:36:12.517Z"
"071230a1-24f3-47da-88b9-9887f3ffeae2","2022-01-18T19:36:12.518Z"
"2c1921e5-ae92-4693-8dc1-32ec89001625","2022-01-18T19:36:12.531Z"
"fadd3e52-8ac4-4cd2-980d-01da9158eab9","2022-01-18T19:36:12.531Z"
"a97246ed-db3c-47b1-848b-2b253c8f9067","2022-01-18T19:36:12.545Z"
"9a0b7acc-9167-4083-b223-c7067b28c23b","2022-01-18T19:36:12.545Z"
"daf8dadb-f5eb-4807-a0c1-37b4aeafc822","2022-01-18T19:36:12.559Z"
"406f705c-6b04-40ab-a55c-52c53d6b5792","2022-01-18T19:36:12.560Z"
"fcb440e3-ca6e-4acb-b783-1531af7c5afd","2022-01-18T19:36:12.574Z"
"50f5d1d3-eb1a-4501-8072-9007266193c8","2022-01-18T19:36:12.575Z"
"e5b471ed-a9d3-4ee8-ab8f-1c9f7682b03f","2022-01-18T19:36:12.589Z"
"7d8f7dd0-d037-4aa3-bb27-b6cae9f3f216","2022-01-18T19:36:12.589Z"
"8c067a0f-2b3f-454e-86c9-02dee6032ffe","2022-01-18T19:36:12.602Z"
"48561952-984a-46f3-b0f0-49ac88b68bcf","2022-01-18T19:36:12.602Z"
"df84a6cb-ed2b-48b1-afbd-f72aff900447","2022-01-18T19:36:12.617Z"
"722af2ba-e8df-49a9-9a1e-9e24ea7f2b82","2022-01-18T19:36:12.617Z"
"8ffec2a5-b40e-4950-89a0-670da068b62b","2022-01-18T19:36:12.631Z"
"eaff5566-ce68-42c8-b3a9-09473bd7b125","2022-01-18T19:36:12.631Z"
"ca206ad0-cace-48b2-b03b-2266307f432c","2022-01-18T19:36:12.645Z"
"de560de3-b636-4998-9ae7-7f13c28448e9","2022-01-18T19:36:12.646Z"
"7ee64304-5550-45d0-84a6-7b13046a2897","2022-01-18T19:36:12.659Z"
"76cba385-85de-43a5-b2e9-6be8314b2077","2022-01-18T19:36:12.660Z"
"81293fa6-8544-41a8-9b93-84789cbe513c","2022-01-18T19:36:12.673Z"
"fbc91c4f-efa3-47a0-bea9-8d537b09a6aa","2022-01-18T19:36:12.674Z"
"a480f83a-3de4-45e8-8f73-542b765da010","2022-01-18T19:36:12.687Z"
"5fbcee11-42d5-48c8-abc3-ec5c35c45d60","2022-01-18T19:36:12.688Z"
"ca82fa6e-9945-46ab-8be4-6b77e2b54bd5","2022-01-18T19:36:12.701Z"
"72a985a0-e59b-4984-b7a3-066543c59825","2022-01-18T19:36:12.702Z"
"04baadd1-b3f4-4078-beb4-fd9e05df05ed","2022-01-18T19:36:12.715Z"
"59c67a27-1ebf-4402-96fc-65a5e49d67eb","2022-01-18T19:36:12.715Z"
"870334e8-417f-413d-af1e-ec32291a5573","2022-01-18T19:36:12.728Z"
"281014bd-7ba1-48bb-b1cf-9a299f7e137f","2022-01-18T19:36:12.729Z"
"f86cbac0-c966-45ca-86d9-0386861cf17c","2022-01-18T19:36:12.742Z"
"af270b87-d0f4-4793-9816-67bf9382cf88","2022-01-18T19:36:12.743Z"
"5cf98587-b73d-4b64-bacb-6178958aeb31","2022-01-18T19:36:12.756Z"
"356e725d-2c22-4380-b579-4d86d5cefc3f","2022-01-18T19:36:12.756Z"
"baa1ae5e-e2f4-433c-8114-f093198eaa56","2022-01-18T19:36:12.771Z"
"9e840c82-e6e1-48f2-9b37-9802b508c1cc","2022-01-18T19:36:12.771Z"
"f57d5aa5-c7cf-4c3f-ac1b-e823fdfe1c27","2022-01-18T19:36:12.785Z"
"d727bb31-571e-46cf-829d-7bf8f0b3ef77","2022-01-18T19:36:12.785Z"
"03835366-e9c0-4158-86e7-c709ec89da96","2022-01-18T19:36:12.798Z"
"d252c223-661f-4e1b-b9ef-16a0f237794c","2022-01-18T19:36:12.799Z"
"aa326308-92e7-4296-8b0d-0e541179d697","2022-01-18T19:36:12.812Z"
"63657358-9c1f-4f88-a6aa-76bf5093995d","2022-01-18T19:36:12.813Z"
"417d0f28-9dcb-48cd-a7af-df14c6d1c1da","2022-01-18T19:36:12.828Z"
"5daae1f2-26cf-41a4-a206-8c9ff514f3f1","2022-01-18T19:36:12.828Z"
"f1c199a4-53a6-452f-beaa-f0f9336143bd","2022-01-18T19:36:12.844Z"
"4539e444-0896-4d05-9e64-85f56db4d82e","2022-01-18T19:36:12.844Z"
"c218632d-c8a4-4283-997e-a498f14195b4","2022-01-18T19:36:12.858Z"
"3699cbb3-65be-4e29-a3ec-ad4d004ad81f","2022-01-18T19:36:12.859Z"
"49ae26b9-337b-44e6-978b-495da51a9dd4","2022-01-18T19:36:12.873Z"
"fc6f75c7-dda5-4616-a50e-b8d0d8fd635f","2022-01-18T19:36:12.874Z"
"2489841e-d1db-4e74-8024-a50d3a4854b6","2022-01-18T19:36:12.890Z"
"c664fb83-c34d-4d42-ac7f-051551258f1b","2022-01-18T19:36:12.890Z"
"f4dd3b85-1834-40a9-8a5e-c6078c9f09e8","2022-01-18T19:36:12.904Z"
"9ef30ca5-25be-427f-a0a5-1b2121cadca4","2022-01-18T19:36:12.904Z"
"fb48da09-423d-4d4b-bea3-e966524b19e2","2022-01-18T19:36:12.919Z"
"bec4f5f5-cb97-458c-bd1f-ca9854ffef49","2022-01-18T19:36:12.920Z"
"a45d92c8-5bc8-4846-ab3a-d731f4f5971c","2022-01-18T19:36:12.939Z"
"7f2d414e-ebc4-42d9-998b-1cbc9ef20296","2022-01-18T19:36:12.940Z"
"ea125b9e-7104-484a-b149-2c56e66386a2","2022-01-18T19:36:12.955Z"
"22ead9e3-d8b3-4f23-931e-601be137f7f4","2022-01-18T19:36:12.955Z"
"39ed7a13-9873-4b1f-b6f3-45d84a9c3dcd","2022-01-18T19:36:12.985Z"
"6ea026fa-3755-4ed9-835e-0d2245ca3e28","2022-01-18T19:36:12.985Z"
"da378667-3378-4837-8ad0-03cb5a958f41","2022-01-18T19:36:13.006Z"
"aaf63ee0-4887-4d38-a048-7adbf795b569","2022-01-18T19:36:13.006Z"
"a34ea37d-9a95-4a2a-a7aa-1819c2f5cf0b","2022-01-18T19:36:13.020Z"
"c3d72a50-cd08-4ef6-8972-c4e34fa91dc7","2022-01-18T19:36:13.020Z"
"e82f9abd-6fe6-4496-8ac9-7e55be6b99a1","2022-01-18T19:36:13.034Z"
"c6626bcd-2de4-4ba3-9b4d-c6eba4e5d9e6","2022-01-18T19:36:13.034Z"
"e19e2db4-fe22-4c81-8bd9-2993f6bf9313","2022-01-18T19:36:13.047Z"
"678d2671-860a-480c-a1f1-092d8faea3d2","2022-01-18T19:36:13.048Z"
"0e40441e-5179-4aec-9242-0ca165d9a331","2022-01-18T19:36:13.062Z"
"c41a73d1-9d1e-43b0-b755-e62e621bb13a","2022-01-18T19:36:13.063Z"
"d09e354d-75e6-470a-ab38-99358fa04221","2022-01-18T19:36:13.111Z"
"ca8f8fc3-73b6-4dbf-b677-69c196405c51","2022-01-18T19:36:13.112Z"
"5a2e61a7-4574-4d5c-b581-7bc800f76f24","2022-01-18T19:36:13.126Z"
"17916c5d-a10a-4640-bb54-b14130efda80","2022-01-18T19:36:13.126Z"
"193286ff-5260-4788-bfa0-b8f24a5fb832","2022-01-18T19:36:13.142Z"
"25eb018f-6156-4d19-8325-8da4af17af97","2022-01-18T19:36:13.142Z"
"b5b38cc5-a2f3-4551-9114-5d3b201f696a","2022-01-18T19:36:13.156Z"
"7164f34d-97df-4134-a1ec-cd9cffdd69b5","2022-01-18T19:36:13.156Z"
"6ea07c95-4321-4b43-afc9-377a4018199e","2022-01-18T19:36:13.170Z"
"8db5c5b8-8a8b-4346-882e-d1dc2bb802e2","2022-01-18T19:36:13.171Z"
"8c249c87-79d7-4571-834f-07e5574fa48c","2022-01-18T19:36:13.184Z"
"d46e6d01-66d7-4b61-aba7-6b012f825a0e","2022-01-18T19:36:13.185Z"
"1eec4bd1-ce67-413e-ba39-0718bebc1fb3","2022-01-18T19:36:13.198Z"
"d642b616-e201-4bcf-9bda-dce926572994","2022-01-18T19:36:13.198Z"
"6e076d37-3137-40a2-a625-b60a9dbc0c2c","2022-01-18T19:36:13.212Z"
"1a26472b-4402-4c4b-b0c7-fddb2ddf331a","2022-01-18T19:36:13.213Z"
"1aad3662-5abb-423f-9799-4675757e48f8","2022-01-18T19:36:13.225Z"
"286eece3-6242-4001-8bb8-c07efa5dd9be","2022-01-18T19:36:13.226Z"
"fa467d99-eed6-4e94-a02c-de7b0d12e382","2022-01-18T19:36:13.241Z"
"c430d670-6c5a-4e92-9dfc-0b7cd42ada01","2022-01-18T19:36:13.241Z"
"4a77ee44-c5e3-4fe6-a373-24e441fb90c6","2022-01-18T19:36:13.254Z"
"e7e46cae-8759-49e4-bc1c-dc938b700bca","2022-01-18T19:36:13.255Z"
"d9c96b9e-e499-478c-b79f-c7a6f8219d18","2022-01-18T19:36:13.270Z"
"75a22227-80e4-4d44-82e7-e3798455f1ea","2022-01-18T19:36:13.270Z"
"379155b2-f808-47bc-9b26-89df8d64b884","2022-01-18T19:36:13.285Z"
"11b76f4b-4d64-478e-bdbb-40dac76ea9fd","2022-01-18T19:36:13.286Z"
"4995c89e-3dad-45f0-bf69-aa65bafec0f5","2022-01-18T19:36:13.301Z"
"cb5187c1-144c-4657-a4eb-7069d73a32c8","2022-01-18T19:36:13.301Z"
"f99df44f-8b87-48d4-b9e3-cc711acff123","2022-01-18T19:36:13.316Z"
"61bfa4e2-f500-4292-85a5-a5faa24385bb","2022-01-18T19:36:13.317Z"
"9f78b5af-9150-4b4f-9cd1-276954dbce1e","2022-01-18T19:36:13.332Z"
"b3c733e2-86c9-4ea2-9442-a5f53c654eb7","2022-01-18T19:36:13.332Z"
"9bb7dc47-c9c1-4ae3-857e-9e99b67be901","2022-01-18T19:36:13.346Z"
"0fe149b8-552e-47db-b6a5-a7a66ea800c3","2022-01-18T19:36:13.346Z"
"d33be7bb-ca2b-42a7-892e-ff1d562c4acc","2022-01-18T19:36:13.361Z"
"f4da777c-0ac4-48a9-9d14-63cff96e90cf","2022-01-18T19:36:13.361Z"
"3ec835ed-755a-45a4-9612-22b07d56cdb2","2022-01-18T19:36:13.377Z"
"3ed61d4f-182a-4098-9707-c015081abc29","2022-01-18T19:36:13.377Z"
"7a354f29-d08c-4aab-bb74-06a0669d6cb3","2022-01-18T19:36:13.392Z"
"96e6fa85-3675-4110-bd9c-cd11e9707638","2022-01-18T19:36:13.393Z"
"0177be1b-5371-4e54-ba41-9dec51259f7e","2022-01-18T19:36:13.407Z"
"32d79849-3459-401b-a4fb-6576417d7796","2022-01-18T19:36:13.408Z"
"53a4d94d-36fb-422d-be38-8706e7c93369","2022-01-18T19:36:13.421Z"
"43dd705c-ffea-4827-bfdd-222021105121","2022-01-18T19:36:13.421Z"
"e4efe5d0-af1f-4990-b3d1-39e3356d8b98","2022-01-18T19:36:13.436Z"
"437222d4-b4ce-41ef-8dd5-f8be3f50220e","2022-01-18T19:36:13.437Z"
"31662ffd-82cb-49aa-aa33-7abf8147d798","2022-01-18T19:36:13.451Z"
"17bebd78-80d5-458a-a355-bb47654efcad","2022-01-18T19:36:13.452Z"
"2cfd89fb-ad27-489f-a584-cfec1c4f231c","2022-01-18T19:36:13.465Z"
"d6af4c97-c3f4-42ce-b14e-7ad5454981a9","2022-01-18T19:36:13.466Z"
"75a43229-7532-4384-858e-4ffb717f1b0a","2022-01-18T19:36:13.479Z"
"5796a2bc-dc8a-4de9-a2bf-e0b96d663d5e","2022-01-18T19:36:13.480Z"
"9bf6fd70-2979-4fc8-ad3d-43f707ef9c52","2022-01-18T19:36:13.493Z"
"fd57ff33-0024-48f7-90f5-9c5cea8e6426","2022-01-18T19:36:13.494Z"
"b370152d-9f9a-47ae-9120-ef9eac8a5317","2022-01-18T19:36:13.507Z"
"530ce46f-7d58-45cb-b289-d3e1752b5ccf","2022-01-18T19:36:13.507Z"
"eb189def-5338-4bbd-bc40-d028f17638c2","2022-01-18T19:36:13.521Z"
"a7bfb88f-0d37-4e56-9424-c5568cbd0506","2022-01-18T19:36:13.522Z"
"8eddc621-50c4-4e30-b2c1-aefd26108f27","2022-01-18T19:36:13.536Z"
"20530dbd-da6f-46fd-bbac-78c628947e25","2022-01-18T19:36:13.536Z"
"7b867343-c936-4acb-ba03-43e1bce436e9","2022-01-18T19:36:13.552Z"
"9e49c24b-7945-4512-8728-0d06776474af","2022-01-18T19:36:13.552Z"
"742400de-c5d8-42ed-94c4-c7789da8732b","2022-01-18T19:36:13.566Z"
"29aede17-47f7-41ba-bb0f-c44e40fd2406","2022-01-18T19:36:13.567Z"
"2af1be3d-7641-407e-8fde-4b10be6c0a53","2022-01-18T19:36:13.581Z"
"5d5e73f8-7a6d-4fa5-862b-d159958dc1b3","2022-01-18T19:36:13.581Z"
"2ee9507f-f03d-4b61-aa54-b3157a88bd11","2022-01-18T19:36:13.597Z"
"58e57ea7-b6b6-4441-be29-e33d4052df46","2022-01-18T19:36:13.597Z"
"5cccf278-211d-47e9-94ac-111ac8b9393b","2022-01-18T19:36:13.612Z"
"f96f5f9f-abf7-478d-b2a9-db99fe12c457","2022-01-18T19:36:13.613Z"
"f856088f-0afa-41b5-a1b7-1af77d0cb65a","2022-01-18T19:36:13.627Z"
"0dd7ae90-e3ad-41d9-b662-9429d8274161","2022-01-18T19:36:13.627Z"
"96e98ce5-1942-4290-a234-3fc58a00d9c8","2022-01-18T19:36:13.642Z"
"5ad5d378-a5f7-40b9-8e56-b16f94f60c13","2022-01-18T19:36:13.642Z"
"5bcb3a39-18b5-4f8e-b4fa-f83a8c3c55de","2022-01-18T19:36:13.655Z"
"eb293446-da4a-4466-baa4-b439bf4969fb","2022-01-18T19:36:13.656Z"
"718baca9-753d-4298-a482-2f7fedf1d109","2022-01-18T19:36:13.669Z"
"4821fa1b-b570-4b6b-9cd3-2a8ca270d761","2022-01-18T19:36:13.670Z"
"83188bb3-51fc-45ce-99df-5f14d0800e94","2022-01-18T19:36:13.683Z"
"ff9bddae-f8d5-467d-8780-269bf7a5e407","2022-01-18T19:36:13.684Z"
"8fb342ec-79af-4296-8f59-7e5fe1c8c930","2022-01-18T19:36:23.253Z"
"80437b07-518f-41e3-be45-3743f3941096","2022-01-18T19:36:23.255Z"
"fb6414cd-c909-4f55-8d5c-54cdbaab592a","2022-01-18T19:36:23.256Z"
"f42baa6a-4de6-40a4-a676-d838745a3aaa","2022-01-18T19:36:23.261Z"
"ef28f055-0fc0-44e9-9934-4a6e08c2624e","2022-01-18T19:36:23.262Z"
